{
    "$schema": "https://schema.management.azure.com/schemas/2015-01-01/deploymentParameters.json#",
    "contentVersion": "1.0.0.0",
    "parameters": {
        "location": {
            "value": "francecentral"
        },
        "workspaceName": {
            "value": "oc_p7"
        },
        "resourceGroupName": {
            "value": "oc_ia"
        },
        "sku": {
            "value": "Basic"
        },
        "tagValues": {
            "value": {}
        },
        "keyVaultName": {
            "value": "ocp79051520815"
        },
        "storageAccountName": {
            "value": "ocp77761379130"
        },
        "applicationInsightsName": {
            "value": "ocp73429624979"
        },
        "storageAccountOption": {
            "value": "new"
        },
        "storageAccountHnsEnabled": {
            "value": false
        },
        "keyVaultOption": {
            "value": "new"
        },
        "applicationInsightsOption": {
            "value": "new"
        },
        "identityType": {
            "value": "systemAssigned"
        }
    }
}