{
    "$schema": "https://schema.management.azure.com/schemas/2015-01-01/deploymentParameters.json#",
    "contentVersion": "1.0.0.0",
    "parameters": {
        "name": {
            "value": "ia-cle-en-main"
        },
        "location": {
            "value": "francecentral"
        },
        "sku": {
            "value": "S0"
        },
        "tagValues": {
            "value": {}
        },
        "identity": {
            "value": {
                "type": "None"
            }
        }
    }
}