{
    "$schema": "http://schema.management.azure.com/schemas/2015-01-01/deploymentTemplate.json#",
    "contentVersion": "1.0.0.0",
    "parameters": {
        "name": {
            "type": "string"
        },
        "location": {
            "type": "string"
        },
        "sku": {
            "type": "string"
        },
        "tagValues": {
            "type": "object"
        },
        "identity": {
            "type": "object"
        }
    },
    "resources": [
        {
            "apiVersion": "2021-04-30",
            "name": "[parameters('name')]",
            "location": "[parameters('location')]",
            "type": "Microsoft.CognitiveServices/accounts",
            "kind": "CognitiveServices",
            "tags": "[if(contains(parameters('tagValues'), 'Microsoft.CognitiveServices/accounts'), parameters('tagValues')['Microsoft.CognitiveServices/accounts'], json('{}'))]",
            "sku": {
                "name": "[parameters('sku')]"
            },
            "identity": "[parameters('identity')]",
            "properties": {
                "customSubDomainName": "[toLower(parameters('name'))]"
            }
        }
    ]
}